term,estimate.m,std.error.m,p.value.m,estimate.f,std.error.f,p.value.f,diff,diff.p
(Intercept),0.06410207451783588,0.03244129328552004,0.04816148422905606,-0.6529172004585452,0.03031767715282349,7.185117892744142e-103,16.15,1.2e-58
raceAsian,-0.047993514575394025,0.13262818234617627,0.7174528180271997,0.10883504637842463,0.1177837460672239,0.35547365149772675,-0.88,0.377
raceBlack,-0.5544807111497414,0.08698236905329063,1.8340117219352098e-10,-0.4310302988955295,0.05857089236240218,1.851248167510855e-13,-1.18,0.239
raceHispanic,0.14681176624585213,0.11616050751996268,0.2062767356323411,0.17559778544127488,0.08716955310489129,0.04396341741959919,-0.2,0.843
apoee2+,-0.2395149601786038,0.07787290638413229,0.002099976169116024,-0.36885176430792,0.07384210449974044,5.879262876043037e-7,1.21,0.228
apoee4+,0.8208791208438678,0.04698119793569747,2.3208586701786846e-68,0.9523840384318192,0.040740169712224376,7.320941784477326e-121,-2.11,0.034
z_caide_nosex,0.026812797793511083,0.02308334356987396,0.24541231474285666,0.06302980201193766,0.019636342851265493,0.0013280221084925315,-1.2,0.232
cohortADNI,0.44060184741076147,0.06900578076068893,1.7139848772367342e-10,0.5357886142188303,0.06758073186677244,2.2247601886358255e-15,-0.99,0.324
