term,estimate.m,std.error.m,p.value.m,estimate.f,std.error.f,p.value.f,diff,diff.p
(Intercept),0.06290227698409571,0.03248167571940963,0.052800797318168294,-0.6594140920136022,0.03050853409556275,1.323967894043914e-103,16.21,4.4e-59
raceAsian,-0.02737096837198527,0.13284058277253227,0.8367567571874812,0.12478007804021664,0.11838196456855322,0.29186169558908603,-0.86,0.39250
raceBlack,-0.5888595374847252,0.08716678066845282,1.4229451073270832e-11,-0.5076352417820221,0.058856093105161246,6.407896561945102e-18,-0.77,0.43996
raceHispanic,0.12139542646225197,0.11613107184839935,0.2958699472421286,0.1233972487584028,0.08720718172482232,0.15707156693602534,-0.01,0.98900
apoee2+,-0.22899459577265502,0.07797124619501462,0.0033149942961332363,-0.3468961726872453,0.0741791286921021,2.9186097416262178e-6,1.1,0.27328
apoee4+,0.823061746713827,0.04705875049581924,1.7049003704051305e-68,0.9629127986785949,0.041009280353479796,6.474627438849427e-122,-2.24,0.02506
z_mcaide_nosex,0.12661623669690578,0.02331648796229669,5.6249769465229875e-8,0.22889889148309783,0.019566019203338326,1.29272746360495e-31,-3.36,0.00078
cohortADNI,0.4850835509946903,0.06859773057919231,1.5335319262728756e-12,0.6010871261160825,0.06784562990666687,8.028099151048781e-19,-1.2,0.22923
