term,estimate.m,std.error.m,p.value.m,estimate.f,std.error.f,p.value.f,diff,diff.p
(Intercept),0.06290227698408633,0.03248167571941036,0.052800797318208956,-0.659414092013618,0.03050853409556364,1.3239678940471738e-103,16.21,4.4e-59
raceAsian,-0.02737096837198516,0.13284058277253077,0.8367567571874801,0.12478007804021486,0.1183819645685515,0.2918616955890859,-0.86,0.39250
raceBlack,-0.588859537484816,0.08716678066845623,1.4229451073194552e-11,-0.5076352417820026,0.05885609310516086,6.4078965619605195e-18,-0.77,0.43996
raceHispanic,0.12139542646225855,0.11613107184839587,0.295869947242088,0.12339724875842478,0.08720718172482728,0.15707156693597496,-0.01,0.98900
apoee2+,-0.22899459577264955,0.07797124619501503,0.003314994296134147,-0.3468961726872962,0.07417912869210454,2.918609741618649e-6,1.1,0.27328
apoee4+,0.8230617467138468,0.04705875049581999,1.7049003704009857e-68,0.9629127986785637,0.04100928035347881,6.474627438879725e-122,-2.24,0.02506
z_mcaide_nosex,0.1266162366969162,0.02331648796229731,5.624976946513441e-8,0.22889889148309078,0.019566019203337927,1.292727463606817e-31,-3.36,0.00078
cohortADNI,0.4850835509946832,0.06859773057919193,1.5335319262735824e-12,0.601087126116125,0.06784562990666933,8.028099151026781e-19,-1.2,0.22923
